Hassan Abdal,23.0,69,Sunny,17.0,2026-06-06 20:55:33
Hassan Abdal,23.0,69,Sunny,17.0,2026-06-06 20:56:25
Hassan Abdal,23.0,69,Sunny,17.0,2026-06-06 20:56:40
Hassan Abdal,23.0,69,Sunny,17.0,2026-06-06 20:56:43
Hassan Abdal,23.0,69,Sunny,17.0,2026-06-06 20:56:47
Hassan Abdal,23.0,69,Sunny,17.0,2026-06-06 20:56:50
Hassan Abdal,23.0,69,Sunny,17.0,2026-06-06 20:56:53
Hassan Abdal,23.0,69,Sunny,17.0,2026-06-06 20:56:57
Hassan Abdal,23.0,69,Sunny,17.0,2026-06-06 20:57:00
Hassan Abdal,23.0,69,Sunny,17.0,2026-06-06 20:57:03
Hassan Abdal,23.0,69,Sunny,17.0,2026-06-06 20:57:06
Hassan Abdal,23.0,69,Sunny,17.0,2026-06-06 20:57:10
Hassan Abdal,23.0,69,Sunny,17.0,2026-06-06 20:57:13
Hassan Abdal,23.0,69,Sunny,17.0,2026-06-06 20:57:16
Hassan Abdal,23.0,69,Sunny,17.0,2026-06-06 20:57:19
Hassan Abdal,23.0,69,Sunny,17.0,2026-06-06 20:57:23
Hassan Abdal,23.0,69,Sunny,17.0,2026-06-06 20:57:26
Hassan Abdal,23.0,69,Sunny,17.0,2026-06-06 20:57:30
Hassan Abdal,23.0,69,Sunny,17.0,2026-06-06 20:57:33
Hassan Abdal,23.0,69,Sunny,17.0,2026-06-06 20:57:36
Hassan Abdal,23.0,69,Sunny,17.0,2026-06-06 20:57:39
Hassan Abdal,23.0,69,Sunny,17.0,2026-06-06 20:57:43
Hassan Abdal,23.0,69,Sunny,17.0,2026-06-06 20:57:46
Hassan Abdal,23.0,69,Sunny,17.0,2026-06-06 20:57:49
Hassan Abdal,23.0,69,Sunny,17.0,2026-06-06 20:57:52
Hassan Abdal,23.0,69,Sunny,17.0,2026-06-06 20:57:56
Hassan Abdal,23.0,69,Sunny,17.0,2026-06-06 20:57:59
Hassan Abdal,23.0,69,Sunny,17.0,2026-06-06 20:58:02
Hassan Abdal,23.0,69,Sunny,17.0,2026-06-06 20:58:06
Hassan Abdal,23.0,69,Sunny,17.0,2026-06-06 20:58:09
Hassan Abdal,23.0,69,Sunny,17.0,2026-06-06 20:58:13
Hassan Abdal,23.0,69,Sunny,17.0,2026-06-06 20:58:16
Hassan Abdal,23.0,69,Sunny,17.0,2026-06-06 20:58:19
Hassan Abdal,23.0,69,Sunny,17.0,2026-06-06 20:58:22
Hassan Abdal,23.0,69,Sunny,17.0,2026-06-06 20:58:26
Hassan Abdal,23.0,69,Sunny,17.0,2026-06-06 20:58:29
Hassan Abdal,23.0,69,Sunny,17.0,2026-06-06 20:58:32
Hassan Abdal,23.0,69,Sunny,17.0,2026-06-06 20:58:36
Hassan Abdal,23.0,69,Sunny,17.0,2026-06-06 20:58:39
Hassan Abdal,23.0,69,Sunny,17.0,2026-06-06 20:58:42
Hassan Abdal,23.0,69,Sunny,17.0,2026-06-06 20:58:45
Hassan Abdal,23.0,69,Sunny,17.0,2026-06-06 20:58:49
Hassan Abdal,23.0,69,Sunny,17.0,2026-06-06 20:58:52
Hassan Abdal,23.0,69,Sunny,17.0,2026-06-06 20:58:55
Hassan Abdal,23.0,69,Sunny,17.0,2026-06-06 20:58:58
Hassan Abdal,23.0,69,Sunny,17.0,2026-06-06 20:59:02
Hassan Abdal,23.0,69,Sunny,17.0,2026-06-06 20:59:05
Hassan Abdal,23.0,69,Sunny,17.0,2026-06-06 20:59:09
Hassan Abdal,23.0,69,Sunny,17.0,2026-06-06 20:59:12
Hassan Abdal,23.0,69,Sunny,17.0,2026-06-06 20:59:16
Hassan Abdal,23.0,69,Sunny,17.0,2026-06-06 20:59:19
Hassan Abdal,23.0,69,Sunny,17.0,2026-06-06 20:59:23
Hassan Abdal,23.0,69,Sunny,17.0,2026-06-06 20:59:26
Hassan Abdal,23.0,69,Sunny,17.0,2026-06-06 20:59:29
Hassan Abdal,23.0,69,Sunny,17.0,2026-06-06 20:59:33
Hassan Abdal,23.0,69,Sunny,17.0,2026-06-06 20:59:36
Hassan Abdal,23.0,69,Sunny,17.0,2026-06-06 20:59:39
Hassan Abdal,23.0,69,Sunny,17.0,2026-06-06 20:59:43
Hassan Abdal,23.0,69,Sunny,17.0,2026-06-06 20:59:46
Hassan Abdal,23.0,69,Sunny,17.0,2026-06-06 20:59:50
Hassan Abdal,23.0,69,Sunny,17.0,2026-06-06 20:59:53
Hassan Abdal,23.0,69,Sunny,17.0,2026-06-06 20:59:56
Hassan Abdal,23.0,69,Sunny,17.0,2026-06-06 21:00:00
Hassan Abdal,23.0,69,Sunny,17.0,2026-06-06 21:00:03
Hassan Abdal,23.0,69,Sunny,17.0,2026-06-06 21:00:07
Hassan Abdal,23.0,69,Sunny,17.0,2026-06-06 21:00:10
Hassan Abdal,23.0,69,Sunny,17.0,2026-06-06 21:00:14
Hassan Abdal,23.0,69,Sunny,17.0,2026-06-06 21:00:17
Hassan Abdal,23.0,69,Sunny,17.0,2026-06-06 21:00:20
Hassan Abdal,23.0,69,Sunny,17.0,2026-06-06 21:00:24
Hassan Abdal,23.0,69,Sunny,17.0,2026-06-06 21:00:27
Hassan Abdal,23.0,69,Sunny,17.0,2026-06-06 21:00:30
Hassan Abdal,23.0,69,Sunny,17.0,2026-06-06 21:00:33
Hassan Abdal,23.0,69,Sunny,17.0,2026-06-06 21:00:37
Hassan Abdal,23.0,69,Sunny,17.0,2026-06-06 21:00:40
Hassan Abdal,23.0,69,Sunny,17.0,2026-06-06 21:00:43
Hassan Abdal,23.0,69,Sunny,17.0,2026-06-06 21:00:47
Hassan Abdal,23.0,69,Sunny,17.0,2026-06-06 21:00:50
Hassan Abdal,23.0,69,Sunny,17.0,2026-06-06 21:00:53
Hassan Abdal,23.0,69,Sunny,17.0,2026-06-06 21:00:57
Hassan Abdal,23.0,69,Sunny,17.0,2026-06-06 21:01:00
Hassan Abdal,23.0,69,Sunny,17.0,2026-06-06 21:01:03
Hassan Abdal,23.0,69,Sunny,17.0,2026-06-06 21:01:06
Hassan Abdal,23.0,69,Sunny,17.0,2026-06-06 21:01:10
Hassan Abdal,23.0,69,Sunny,17.0,2026-06-06 21:01:13
Hassan Abdal,23.0,69,Sunny,17.0,2026-06-06 21:01:16
Hassan Abdal,23.0,69,Sunny,17.0,2026-06-06 21:01:19
Hassan Abdal,23.0,69,Sunny,17.0,2026-06-06 21:01:23
Hassan Abdal,23.0,69,Sunny,17.0,2026-06-06 21:01:26
Hassan Abdal,23.0,69,Sunny,17.0,2026-06-06 21:01:29
Hassan Abdal,23.0,69,Sunny,17.0,2026-06-06 21:01:32
Hassan Abdal,23.0,69,Sunny,17.0,2026-06-06 21:01:36
Hassan Abdal,23.0,69,Sunny,17.0,2026-06-06 21:01:39
Hassan Abdal,23.0,69,Sunny,17.0,2026-06-06 21:01:42
Hassan Abdal,23.0,69,Sunny,17.0,2026-06-06 21:01:47
Hassan Abdal,23.0,69,Sunny,17.0,2026-06-06 21:01:51
Hassan Abdal,23.0,69,Sunny,17.0,2026-06-06 21:01:54
Hassan Abdal,23.0,69,Sunny,17.0,2026-06-06 21:01:58
Hassan Abdal,23.0,69,Sunny,17.0,2026-06-06 21:02:01
Hassan Abdal,23.0,69,Sunny,17.0,2026-06-06 21:02:04
Hassan Abdal,23.0,69,Sunny,17.0,2026-06-06 21:02:07
Hassan Abdal,23.0,69,Sunny,17.0,2026-06-06 21:02:11
Hassan Abdal,23.0,69,Sunny,17.0,2026-06-06 21:02:15
Hassan Abdal,23.0,69,Sunny,17.0,2026-06-06 21:02:18
Hassan Abdal,23.0,69,Sunny,17.0,2026-06-06 21:02:22
Hassan Abdal,23.0,69,Sunny,17.0,2026-06-06 21:02:25
Hassan Abdal,23.0,69,Sunny,17.0,2026-06-06 21:02:28
Hassan Abdal,23.0,69,Sunny,17.0,2026-06-06 21:02:31
Hassan Abdal,23.0,69,Sunny,17.0,2026-06-06 21:02:35
Hassan Abdal,23.0,69,Sunny,17.0,2026-06-06 21:02:38
Hassan Abdal,23.0,69,Sunny,17.0,2026-06-06 21:02:41
Hassan Abdal,23.0,69,Sunny,17.0,2026-06-06 21:02:45
Hassan Abdal,23.0,69,Sunny,17.0,2026-06-06 21:02:48
Hassan Abdal,23.0,69,Sunny,17.0,2026-06-06 21:02:51
Hassan Abdal,23.0,69,Sunny,17.0,2026-06-06 21:02:55
Hassan Abdal,23.0,69,Sunny,17.0,2026-06-06 21:02:58
Hassan Abdal,23.0,69,Sunny,17.0,2026-06-06 21:03:01
Hassan Abdal,23.0,69,Sunny,17.0,2026-06-06 21:03:04
Hassan Abdal,23.0,69,Sunny,17.0,2026-06-06 21:03:08
Hassan Abdal,23.0,69,Sunny,17.0,2026-06-06 21:03:11
Hassan Abdal,23.0,69,Sunny,17.0,2026-06-06 21:03:14
Hassan Abdal,23.0,69,Sunny,17.0,2026-06-06 21:03:18
Hassan Abdal,23.0,69,Sunny,17.0,2026-06-06 21:03:21
Hassan Abdal,23.0,69,Sunny,17.0,2026-06-06 21:03:25
Hassan Abdal,23.0,69,Sunny,17.0,2026-06-06 21:03:28
Hassan Abdal,23.0,69,Sunny,17.0,2026-06-06 21:03:31
Hassan Abdal,23.0,69,Sunny,17.0,2026-06-06 21:03:34
Hassan Abdal,23.0,69,Sunny,17.0,2026-06-06 21:03:38
Hassan Abdal,23.0,69,Sunny,17.0,2026-06-06 21:03:41
Hassan Abdal,23.0,69,Sunny,17.0,2026-06-06 21:03:44
Hassan Abdal,23.0,69,Sunny,17.0,2026-06-06 21:03:48
Hassan Abdal,23.0,69,Sunny,17.0,2026-06-06 21:03:51
Hassan Abdal,23.0,69,Sunny,17.0,2026-06-06 21:03:54
Hassan Abdal,23.0,69,Sunny,17.0,2026-06-06 21:03:57
Hassan Abdal,23.0,69,Sunny,17.0,2026-06-06 21:04:01
Hassan Abdal,23.0,69,Sunny,17.0,2026-06-06 21:04:04
Hassan Abdal,23.0,69,Sunny,17.0,2026-06-06 21:04:07
Hassan Abdal,23.0,69,Sunny,17.0,2026-06-06 21:04:10
Hassan Abdal,23.0,69,Sunny,17.0,2026-06-06 21:04:14
Hassan Abdal,23.0,69,Sunny,17.0,2026-06-06 21:04:17
Hassan Abdal,23.0,69,Sunny,17.0,2026-06-06 21:04:20
Hassan Abdal,23.0,69,Sunny,17.0,2026-06-06 21:04:24
Hassan Abdal,23.0,69,Sunny,17.0,2026-06-06 21:04:27
Hassan Abdal,23.0,69,Sunny,17.0,2026-06-06 21:04:30
Hassan Abdal,23.0,69,Sunny,17.0,2026-06-06 21:04:33
Hassan Abdal,23.0,69,Sunny,17.0,2026-06-06 21:04:37
Hassan Abdal,23.0,69,Sunny,17.0,2026-06-06 21:04:40
Hassan Abdal,23.0,69,Sunny,17.0,2026-06-06 21:04:43
Hassan Abdal,23.0,69,Sunny,17.0,2026-06-06 21:04:46
Hassan Abdal,23.0,69,Sunny,17.0,2026-06-06 21:04:49
Hassan Abdal,23.0,69,Sunny,17.0,2026-06-06 21:04:53
Hassan Abdal,23.0,69,Sunny,17.0,2026-06-06 21:04:56
Hassan Abdal,23.0,69,Sunny,17.0,2026-06-06 21:04:59
Hassan Abdal,23.0,69,Sunny,17.0,2026-06-06 21:05:03
Hassan Abdal,23.0,69,Sunny,17.0,2026-06-06 21:05:06
Hassan Abdal,23.0,69,Sunny,17.0,2026-06-06 21:05:09
Hassan Abdal,23.0,69,Sunny,17.0,2026-06-06 21:05:13
Hassan Abdal,23.0,69,Sunny,17.0,2026-06-06 21:05:16
Hassan Abdal,23.0,69,Sunny,17.0,2026-06-06 21:05:20
Hassan Abdal,23.0,69,Sunny,17.0,2026-06-06 21:05:24
Hassan Abdal,23.0,69,Sunny,17.0,2026-06-06 21:05:27
Hassan Abdal,23.0,69,Sunny,17.0,2026-06-06 21:05:30
Hassan Abdal,23.0,69,Sunny,17.0,2026-06-06 21:05:34
Hassan Abdal,23.0,69,Sunny,17.0,2026-06-06 21:05:37
Hassan Abdal,23.0,69,Sunny,17.0,2026-06-06 21:05:40
Hassan Abdal,23.0,69,Sunny,17.0,2026-06-06 21:05:44
Hassan Abdal,23.0,69,Sunny,17.0,2026-06-06 21:05:47
Hassan Abdal,23.0,69,Sunny,17.0,2026-06-06 21:05:50
Hassan Abdal,23.0,69,Sunny,17.0,2026-06-06 21:05:54
Hassan Abdal,23.0,69,Sunny,17.0,2026-06-06 21:05:57
Hassan Abdal,23.0,69,Sunny,17.0,2026-06-06 21:06:00
Hassan Abdal,23.0,69,Sunny,17.0,2026-06-06 21:06:03
Hassan Abdal,23.0,69,Sunny,17.0,2026-06-06 21:06:07
Hassan Abdal,23.0,69,Sunny,17.0,2026-06-06 21:06:10
Hassan Abdal,23.0,69,Sunny,17.0,2026-06-06 21:06:13
Hassan Abdal,23.0,69,Sunny,17.0,2026-06-06 21:06:17
Hassan Abdal,23.0,69,Sunny,17.0,2026-06-06 21:06:20
Hassan Abdal,23.0,69,Sunny,17.0,2026-06-06 21:06:24
Hassan Abdal,23.0,69,Sunny,17.0,2026-06-06 21:06:27
Hassan Abdal,23.0,69,Sunny,17.0,2026-06-06 21:06:31
Hassan Abdal,23.0,69,Sunny,17.0,2026-06-06 21:06:34
Hassan Abdal,23.0,69,Sunny,17.0,2026-06-06 21:06:38
Hassan Abdal,23.0,69,Sunny,17.0,2026-06-06 21:06:41
Hassan Abdal,23.0,69,Sunny,17.0,2026-06-06 21:06:45
Hassan Abdal,23.0,69,Sunny,17.0,2026-06-06 21:06:49
Hassan Abdal,23.0,69,Sunny,17.0,2026-06-06 21:06:52
Hassan Abdal,23.0,69,Sunny,17.0,2026-06-06 21:06:56
Hassan Abdal,23.0,69,Sunny,17.0,2026-06-06 21:06:59
Hassan Abdal,23.0,69,Sunny,17.0,2026-06-06 21:07:03
Hassan Abdal,23.0,69,Sunny,17.0,2026-06-06 21:07:06
Hassan Abdal,23.0,69,Sunny,17.0,2026-06-06 21:07:09
Hassan Abdal,23.0,69,Sunny,17.0,2026-06-06 21:07:12
Hassan Abdal,23.0,69,Sunny,17.0,2026-06-06 21:07:16
Hassan Abdal,23.0,69,Sunny,17.0,2026-06-06 21:07:21
Hassan Abdal,23.0,69,Sunny,17.0,2026-06-06 21:07:24
Hassan Abdal,23.0,69,Sunny,17.0,2026-06-06 21:07:28
Hassan Abdal,23.0,69,Sunny,17.0,2026-06-06 21:07:31
Hassan Abdal,23.0,69,Sunny,17.0,2026-06-06 21:07:35
Hassan Abdal,23.0,69,Sunny,17.0,2026-06-06 21:07:38
Hassan Abdal,23.0,69,Sunny,17.0,2026-06-06 21:07:41
Hassan Abdal,23.0,69,Sunny,17.0,2026-06-06 21:07:44
Hassan Abdal,23.0,69,Sunny,17.0,2026-06-06 21:07:48
Hassan Abdal,23.0,69,Sunny,17.0,2026-06-06 21:07:52
Hassan Abdal,23.0,69,Sunny,17.0,2026-06-06 21:07:55
Hassan Abdal,23.0,69,Sunny,17.0,2026-06-06 21:07:59
Hassan Abdal,23.0,69,Sunny,17.0,2026-06-06 21:08:02
Hassan Abdal,23.0,69,Sunny,17.0,2026-06-06 21:08:05
Hassan Abdal,23.0,69,Sunny,17.0,2026-06-06 21:08:09
Hassan Abdal,23.0,69,Sunny,17.0,2026-06-06 21:08:12
Hassan Abdal,23.0,69,Sunny,17.0,2026-06-06 21:08:15
Hassan Abdal,23.0,69,Sunny,17.0,2026-06-06 21:08:19
Hassan Abdal,23.0,69,Sunny,17.0,2026-06-06 21:08:22
Hassan Abdal,23.0,69,Sunny,17.0,2026-06-06 21:08:25
Hassan Abdal,23.0,69,Sunny,17.0,2026-06-06 21:08:29
Hassan Abdal,23.0,69,Sunny,17.0,2026-06-06 21:08:32
Hassan Abdal,23.0,69,Sunny,17.0,2026-06-06 21:08:36
Hassan Abdal,23.0,69,Sunny,17.0,2026-06-06 21:08:39
